{
  "lang":"en",
  "name":"pipeline",
  "version":"0.0.0",
  "spacy_version":">=3.3.0,<3.4.0",
  "description":"",
  "author":"",
  "email":"",
  "url":"",
  "license":"",
  "spacy_git_version":"497a708c7",
  "vectors":{
    "width":300,
    "vectors":342918,
    "keys":684830,
    "name":"en_vectors",
    "mode":"default"
  },
  "labels":{
    "tok2vec":[

    ],
    "ner":[
      "ACCESSORIES",
      "BEAUTY",
      "BOTTOMS",
      "COLOR",
      "GENDER",
      "HOME",
      "OTHERS",
      "OTHER_CLOTHING",
      "PATTERN",
      "SHOES",
      "SIZE",
      "TOPS"
    ]
  },
  "pipeline":[
    "tok2vec",
    "ner"
  ],
  "components":[
    "tok2vec",
    "ner"
  ],
  "disabled":[

  ],
  "performance":{
    "ents_f":0.9506337915,
    "ents_p":0.9469870531,
    "ents_r":0.9543087248,
    "ents_per_type":{
      "TOPS":{
        "p":0.9742593492,
        "r":0.9475673122,
        "f":0.9607279693
      },
      "SIZE":{
        "p":0.9179156501,
        "r":0.963240673,
        "f":0.9400321256
      },
      "PATTERN":{
        "p":0.9619249075,
        "r":0.9464099896,
        "f":0.9541043798
      },
      "ACCESSORIES":{
        "p":0.9545454545,
        "r":0.9723565999,
        "f":0.9633687093
      },
      "GENDER":{
        "p":1.0,
        "r":0.9940334129,
        "f":0.9970077798
      },
      "BOTTOMS":{
        "p":0.95390625,
        "r":0.9599056604,
        "f":0.9568965517
      },
      "COLOR":{
        "p":0.93829881,
        "r":0.9420353982,
        "f":0.9401633915
      },
      "BEAUTY":{
        "p":0.9754098361,
        "r":0.8623188406,
        "f":0.9153846154
      },
      "OTHERS":{
        "p":0.9952830189,
        "r":0.8542510121,
        "f":0.9193899782
      },
      "OTHER_CLOTHING":{
        "p":0.9586614173,
        "r":0.9240986717,
        "f":0.9410628019
      },
      "SHOES":{
        "p":0.9684210526,
        "r":0.9403747871,
        "f":0.9541918755
      },
      "HOME":{
        "p":0.8267716535,
        "r":0.9722222222,
        "f":0.8936170213
      }
    },
    "tok2vec_loss":2201.4742467341,
    "ner_loss":379.8755625979
  }
}