{
  "lang":"en",
  "name":"pipeline",
  "version":"0.0.0",
  "spacy_version":">=3.3.0,<3.4.0",
  "description":"",
  "author":"",
  "email":"",
  "url":"",
  "license":"",
  "spacy_git_version":"497a708c7",
  "vectors":{
    "width":300,
    "vectors":342918,
    "keys":684830,
    "name":"en_vectors",
    "mode":"default"
  },
  "labels":{
    "tok2vec":[

    ],
    "ner":[
      "ACCESSORIES",
      "BEAUTY",
      "BOTTOMS",
      "COLOR",
      "GENDER",
      "HOME",
      "OTHERS",
      "OTHER_CLOTHING",
      "PATTERN",
      "SHOES",
      "SIZE"
    ]
  },
  "pipeline":[
    "tok2vec",
    "ner"
  ],
  "components":[
    "tok2vec",
    "ner"
  ],
  "disabled":[

  ],
  "performance":{
    "ents_f":0.9552309561,
    "ents_p":0.952043468,
    "ents_r":0.9584398597,
    "ents_per_type":{
      "BOTTOMS":{
        "p":0.9777448071,
        "r":0.9427753934,
        "f":0.9599417334
      },
      "SIZE":{
        "p":0.9228659582,
        "r":0.9600570613,
        "f":0.9410942143
      },
      "ACCESSORIES":{
        "p":0.9868715978,
        "r":0.9759341355,
        "f":0.9813723929
      },
      "OTHERS":{
        "p":0.9836065574,
        "r":0.9032258065,
        "f":0.9417040359
      },
      "COLOR":{
        "p":0.9277753009,
        "r":0.9572217111,
        "f":0.942268508
      },
      "PATTERN":{
        "p":0.973698336,
        "r":0.9721329046,
        "f":0.9729149906
      },
      "SHOES":{
        "p":0.9605263158,
        "r":0.8856152513,
        "f":0.9215509468
      },
      "GENDER":{
        "p":0.9878934625,
        "r":0.9902912621,
        "f":0.9890909091
      },
      "BEAUTY":{
        "p":0.9333333333,
        "r":0.8296296296,
        "f":0.8784313725
      },
      "OTHER_CLOTHING":{
        "p":0.935546875,
        "r":0.9447731755,
        "f":0.9401373896
      },
      "HOME":{
        "p":0.9903846154,
        "r":0.9626168224,
        "f":0.9763033175
      }
    },
    "tok2vec_loss":2561.8376340342,
    "ner_loss":421.474002037
  }
}