{
  "lang":"en",
  "name":"pipeline",
  "version":"0.0.0",
  "spacy_version":">=3.3.0,<3.4.0",
  "description":"",
  "author":"",
  "email":"",
  "url":"",
  "license":"",
  "spacy_git_version":"497a708c7",
  "vectors":{
    "width":300,
    "vectors":342918,
    "keys":684830,
    "name":"en_vectors",
    "mode":"default"
  },
  "labels":{
    "tok2vec":[

    ],
    "ner":[
      "ACCESSORIES",
      "BEAUTY",
      "BOTTOMS",
      "COLOR",
      "GENDER",
      "HOME",
      "OTHERS",
      "OTHER_CLOTHING",
      "PATTERN",
      "SHOES",
      "SIZE",
      "TOPS"
    ]
  },
  "pipeline":[
    "tok2vec",
    "ner"
  ],
  "components":[
    "tok2vec",
    "ner"
  ],
  "disabled":[

  ],
  "performance":{
    "ents_f":0.9571556326,
    "ents_p":0.9660303047,
    "ents_r":0.9484425349,
    "ents_per_type":{
      "BOTTOMS":{
        "p":0.9783693844,
        "r":0.938547486,
        "f":0.9580448065
      },
      "SIZE":{
        "p":0.9627973529,
        "r":0.9482120838,
        "f":0.9554490593
      },
      "ACCESSORIES":{
        "p":0.96816609,
        "r":0.96816609,
        "f":0.96816609
      },
      "OTHERS":{
        "p":0.9927360775,
        "r":0.8742004264,
        "f":0.9297052154
      },
      "COLOR":{
        "p":0.9587482219,
        "r":0.9292279412,
        "f":0.9437572929
      },
      "GENDER":{
        "p":0.9975728155,
        "r":0.9844311377,
        "f":0.9909584087
      },
      "TOPS":{
        "p":0.9757281553,
        "r":0.9621828626,
        "f":0.9689081706
      },
      "PATTERN":{
        "p":0.9711538462,
        "r":0.9588607595,
        "f":0.9649681529
      },
      "OTHER_CLOTHING":{
        "p":0.938,
        "r":0.9071566731,
        "f":0.9223205506
      },
      "SHOES":{
        "p":0.9058823529,
        "r":0.9357638889,
        "f":0.9205807003
      },
      "BEAUTY":{
        "p":0.9098360656,
        "r":0.8222222222,
        "f":0.8638132296
      },
      "HOME":{
        "p":0.9902912621,
        "r":0.953271028,
        "f":0.9714285714
      }
    },
    "tok2vec_loss":1555.2481663252,
    "ner_loss":318.014782439
  }
}