{
  "lang":"en",
  "name":"pipeline",
  "version":"0.0.0",
  "spacy_version":">=3.3.0,<3.4.0",
  "description":"",
  "author":"",
  "email":"",
  "url":"",
  "license":"",
  "spacy_git_version":"497a708c7",
  "vectors":{
    "width":300,
    "vectors":342918,
    "keys":684830,
    "name":"en_vectors",
    "mode":"default"
  },
  "labels":{
    "tok2vec":[

    ],
    "ner":[
      "ACCESSORIES",
      "BEAUTY",
      "BOTTOMS",
      "COLOR",
      "GENDER",
      "HOME",
      "OTHERS",
      "OTHER_CLOTHING",
      "PATTERN",
      "SHOES",
      "SIZE",
      "TOPS"
    ]
  },
  "pipeline":[
    "tok2vec",
    "ner"
  ],
  "components":[
    "tok2vec",
    "ner"
  ],
  "disabled":[

  ],
  "performance":{
    "ents_f":0.9598117698,
    "ents_p":0.966713881,
    "ents_r":0.9530075188,
    "ents_per_type":{
      "BOTTOMS":{
        "p":0.9523026316,
        "r":0.9241819633,
        "f":0.9380315917
      },
      "SIZE":{
        "p":0.9638064972,
        "r":0.9615994363,
        "f":0.9627017018
      },
      "ACCESSORIES":{
        "p":0.9761822575,
        "r":0.9785467128,
        "f":0.9773630551
      },
      "OTHERS":{
        "p":0.9667458432,
        "r":0.867803838,
        "f":0.9146067416
      },
      "COLOR":{
        "p":0.9488262911,
        "r":0.9287683824,
        "f":0.9386901997
      },
      "GENDER":{
        "p":0.9987937274,
        "r":0.9916167665,
        "f":0.9951923077
      },
      "TOPS":{
        "p":0.9716796875,
        "r":0.9526089038,
        "f":0.9620497945
      },
      "PATTERN":{
        "p":0.9754928077,
        "r":0.9657172996,
        "f":0.97058044
      },
      "OTHER_CLOTHING":{
        "p":0.9620758483,
        "r":0.9323017408,
        "f":0.9469548134
      },
      "SHOES":{
        "p":0.9757462687,
        "r":0.9079861111,
        "f":0.940647482
      },
      "HOME":{
        "p":0.9357798165,
        "r":0.953271028,
        "f":0.9444444444
      },
      "BEAUTY":{
        "p":0.90625,
        "r":0.8592592593,
        "f":0.8821292776
      }
    },
    "tok2vec_loss":1246.1651869987,
    "ner_loss":466.8729087306
  }
}