{
  "lang":"en",
  "name":"pipeline",
  "version":"0.0.0",
  "spacy_version":">=3.3.0,<3.4.0",
  "description":"",
  "author":"",
  "email":"",
  "url":"",
  "license":"",
  "spacy_git_version":"497a708c7",
  "vectors":{
    "width":300,
    "vectors":342918,
    "keys":684830,
    "name":"en_vectors",
    "mode":"default"
  },
  "labels":{
    "tok2vec":[

    ],
    "ner":[
      "ACCESSORIES",
      "BEAUTY",
      "BOTTOMS",
      "COLOR",
      "GENDER",
      "HOME",
      "OTHERS",
      "OTHER_CLOTHING",
      "PATTERN",
      "SHOES",
      "SIZE"
    ]
  },
  "pipeline":[
    "tok2vec",
    "ner"
  ],
  "components":[
    "tok2vec",
    "ner"
  ],
  "disabled":[

  ],
  "performance":{
    "ents_f":0.9571157044,
    "ents_p":0.9561502403,
    "ents_r":0.9580831203,
    "ents_per_type":{
      "BOTTOMS":{
        "p":0.9860703812,
        "r":0.9620886981,
        "f":0.9739319334
      },
      "SIZE":{
        "p":0.9379600421,
        "r":0.9543509272,
        "f":0.9460844971
      },
      "ACCESSORIES":{
        "p":0.9617180205,
        "r":0.9784673844,
        "f":0.970020405
      },
      "OTHERS":{
        "p":0.990521327,
        "r":0.8989247312,
        "f":0.9425028185
      },
      "COLOR":{
        "p":0.9487179487,
        "r":0.9530818767,
        "f":0.9508949059
      },
      "PATTERN":{
        "p":0.9781897492,
        "r":0.961414791,
        "f":0.9697297297
      },
      "SHOES":{
        "p":0.9418803419,
        "r":0.9549393414,
        "f":0.9483648881
      },
      "GENDER":{
        "p":0.9975520196,
        "r":0.9890776699,
        "f":0.9932967703
      },
      "BEAUTY":{
        "p":0.8206896552,
        "r":0.8814814815,
        "f":0.85
      },
      "OTHER_CLOTHING":{
        "p":0.9501039501,
        "r":0.9013806706,
        "f":0.9251012146
      },
      "HOME":{
        "p":0.9901960784,
        "r":0.9439252336,
        "f":0.966507177
      }
    },
    "tok2vec_loss":800.7218252499,
    "ner_loss":525.8740219822
  }
}