{
  "lang":"en",
  "name":"pipeline",
  "version":"0.0.0",
  "spacy_version":">=3.4.1,<3.5.0",
  "description":"",
  "author":"",
  "email":"",
  "url":"",
  "license":"",
  "spacy_git_version":"5c2a00cef",
  "vectors":{
    "width":300,
    "vectors":514157,
    "keys":514157,
    "name":"en_vectors",
    "mode":"default"
  },
  "labels":{
    "tok2vec":[

    ],
    "ner":[
      "ACCESSORIES",
      "BEAUTY",
      "BOTTOMS",
      "COLOR",
      "GENDER",
      "HOME",
      "OTHERS",
      "OTHER_CLOTHING",
      "PATTERN",
      "SHOES",
      "SIZE",
      "TOPS"
    ]
  },
  "pipeline":[
    "tok2vec",
    "ner"
  ],
  "components":[
    "tok2vec",
    "ner"
  ],
  "disabled":[

  ],
  "performance":{
    "ents_f":0.9571980233,
    "ents_p":0.962892535,
    "ents_r":0.9515704698,
    "ents_per_type":{
      "TOPS":{
        "p":0.9612810707,
        "r":0.949929145,
        "f":0.9555713946
      },
      "SIZE":{
        "p":0.9526287457,
        "r":0.9709217264,
        "f":0.9616882529
      },
      "PATTERN":{
        "p":0.9850249584,
        "r":0.924037461,
        "f":0.953557047
      },
      "ACCESSORIES":{
        "p":0.9708535739,
        "r":0.9668279198,
        "f":0.9688365651
      },
      "GENDER":{
        "p":0.9988009592,
        "r":0.9940334129,
        "f":0.9964114833
      },
      "BOTTOMS":{
        "p":0.965627498,
        "r":0.9496855346,
        "f":0.9575901704
      },
      "COLOR":{
        "p":0.9540998217,
        "r":0.9473451327,
        "f":0.9507104796
      },
      "BEAUTY":{
        "p":0.9609375,
        "r":0.8913043478,
        "f":0.9248120301
      },
      "OTHERS":{
        "p":0.9659863946,
        "r":0.8623481781,
        "f":0.9112299465
      },
      "OTHER_CLOTHING":{
        "p":0.9376257545,
        "r":0.8842504744,
        "f":0.91015625
      },
      "SHOES":{
        "p":0.9513513514,
        "r":0.8994889267,
        "f":0.9246935201
      },
      "HOME":{
        "p":0.9811320755,
        "r":0.962962963,
        "f":0.9719626168
      }
    },
    "tok2vec_loss":1011.434579008,
    "ner_loss":409.6433415293
  }
}