{
  "lang":"en",
  "name":"pipeline",
  "version":"0.0.0",
  "spacy_version":">=3.4.1,<3.5.0",
  "description":"",
  "author":"",
  "email":"",
  "url":"",
  "license":"",
  "spacy_git_version":"5c2a00cef",
  "vectors":{
    "width":300,
    "vectors":514157,
    "keys":514157,
    "name":"en_vectors",
    "mode":"default"
  },
  "labels":{
    "tok2vec":[

    ],
    "ner":[
      "ACCESSORIES",
      "BEAUTY",
      "BOTTOMS",
      "COLOR",
      "GENDER",
      "HOME",
      "OTHERS",
      "OTHER_CLOTHING",
      "PATTERN",
      "SHOES",
      "SIZE",
      "TOPS"
    ]
  },
  "pipeline":[
    "tok2vec",
    "ner"
  ],
  "components":[
    "tok2vec",
    "ner"
  ],
  "disabled":[

  ],
  "performance":{
    "ents_f":0.9556875286,
    "ents_p":0.9566386916,
    "ents_r":0.954738255,
    "ents_per_type":{
      "TOPS":{
        "p":0.944391635,
        "r":0.9385923477,
        "f":0.9414830609
      },
      "SIZE":{
        "p":0.9365526965,
        "r":0.9718361375,
        "f":0.9538682463
      },
      "PATTERN":{
        "p":0.9728033473,
        "r":0.9677419355,
        "f":0.9702660407
      },
      "ACCESSORIES":{
        "p":0.9837971117,
        "r":0.9651002073,
        "f":0.9743589744
      },
      "GENDER":{
        "p":1.0,
        "r":0.9952267303,
        "f":0.9976076555
      },
      "BOTTOMS":{
        "p":0.9825870647,
        "r":0.9316037736,
        "f":0.9564164649
      },
      "COLOR":{
        "p":0.945264987,
        "r":0.9628318584,
        "f":0.9539675581
      },
      "BEAUTY":{
        "p":0.953125,
        "r":0.884057971,
        "f":0.9172932331
      },
      "OTHERS":{
        "p":0.9120171674,
        "r":0.8603238866,
        "f":0.8854166667
      },
      "OTHER_CLOTHING":{
        "p":0.954825462,
        "r":0.8823529412,
        "f":0.9171597633
      },
      "SHOES":{
        "p":0.9791666667,
        "r":0.8807495741,
        "f":0.9273542601
      },
      "HOME":{
        "p":0.962962963,
        "r":0.962962963,
        "f":0.962962963
      }
    },
    "tok2vec_loss":1612.4963256979,
    "ner_loss":399.4169344026
  }
}